12500,12356,12214,12074,11936,11800,11666,11534,11404,11276,11150,11026,10904,10784,10666,10550,10436,10324,10214,10106,10000,9896,9794,9694,9596,9500,9406,9314,9224,9136,9050,8966,8884,8804,8726,8650,8576,8504,8434,8366,8300,8236,8174,8114,8056,8000,7946,7894,7844,7796,7750,7706,7664,7624,7586,7550,7516,7484,7454,7426,7400,7376,7354,7334,7316,7300,7286,7274,7264,7256,7250,7246,7244,7244,7246,7250,7256,7264,7274,7286,7300,7316,7334,7354,7376,7400,7426,7454,7484,7516,7550,7586,7624,7664,7706,7750,7796,7844,7894,7946,8000,8056,8114,8174,8236,8300,8366,8434,8504,8576,8650,8726,8804,8884,8966,9050,9136,9224,9314,9406,9500,9596,9694,9794,9896,10000,10106,10214,10324,10436,10550,10666,10784,10904,11026,11150,11276,11404,11534,11666
12208,12064,11922,11782,11644,11508,11374,11242,11112,10984,10858,10734,10612,10492,10374,10258,10144,10032,9922,9814,9708,9604,9502,9402,9304,9208,9114,9022,8932,8844,8758,8674,8592,8512,8434,8358,8284,8212,8142,8074,8008,7944,7882,7822,7764,7708,7654,7602,7552,7504,7458,7414,7372,7332,7294,7258,7224,7192,7162,7134,7108,7084,7062,7042,7024,7008,6994,6982,6972,6964,6958,6954,6952,6952,6954,6958,6964,6972,6982,6994,7008,7024,7042,7062,7084,7108,7134,7162,7192,7224,7258,7294,7332,7372,7414,7458,7504,7552,7602,7654,7708,7764,7822,7882,7944,8008,8074,8142,8212,8284,8358,8434,8512,8592,8674,8758,8844,8932,9022,9114,9208,9304,9402,9502,9604,9708,9814,9922,10032,10144,10258,10374,10492,10612,10734,10858,10984,11112,11242,11374
11922,11778,11636,11496,11358,11222,11088,10956,10826,10698,10572,10448,10326,10206,10088,9972,9858,9746,9636,9528,9422,9318,9216,9116,9018,8922,8828,8736,8646,8558,8472,8388,8306,8226,8148,8072,7998,7926,7856,7788,7722,7658,7596,7536,7478,7422,7368,7316,7266,7218,7172,7128,7086,7046,7008,6972,6938,6906,6876,6848,6822,6798,6776,6756,6738,6722,6708,6696,6686,6678,6672,6668,6666,6666,6668,6672,6678,6686,6696,6708,6722,6738,6756,6776,6798,6822,6848,6876,6906,6938,6972,7008,7046,7086,7128,7172,7218,7266,7316,7368,7422,7478,7536,7596,7658,7722,7788,7856,7926,7998,8072,8148,8226,8306,8388,8472,8558,8646,8736,8828,8922,9018,9116,9216,9318,9422,9528,9636,9746,9858,9972,10088,10206,10326,10448,10572,10698,10826,10956,11088
11642,11498,11356,11216,11078,10942,10808,10676,10546,10418,10292,10168,10046,9926,9808,9692,9578,9466,9356,9248,9142,9038,8936,8836,8738,8642,8548,8456,8366,8278,8192,8108,8026,7946,7868,7792,7718,7646,7576,7508,7442,7378,7316,7256,7198,7142,7088,7036,6986,6938,6892,6848,6806,6766,6728,6692,6658,6626,6596,6568,6542,6518,6496,6476,6458,6442,6428,6416,6406,6398,6392,6388,6386,6386,6388,6392,6398,6406,6416,6428,6442,6458,6476,6496,6518,6542,6568,6596,6626,6658,6692,6728,6766,6806,6848,6892,6938,6986,7036,7088,7142,7198,7256,7316,7378,7442,7508,7576,7646,7718,7792,7868,7946,8026,8108,8192,8278,8366,8456,8548,8642,8738,8836,8936,9038,9142,9248,9356,9466,9578,9692,9808,9926,10046,10168,10292,10418,10546,10676,10808
11368,11224,11082,10942,10804,10668,10534,10402,10272,10144,10018,9894,9772,9652,9534,9418,9304,9192,9082,8974,8868,8764,8662,8562,8464,8368,8274,8182,8092,8004,7918,7834,7752,7672,7594,7518,7444,7372,7302,7234,7168,7104,7042,6982,6924,6868,6814,6762,6712,6664,6618,6574,6532,6492,6454,6418,6384,6352,6322,6294,6268,6244,6222,6202,6184,6168,6154,6142,6132,6124,6118,6114,6112,6112,6114,6118,6124,6132,6142,6154,6168,6184,6202,6222,6244,6268,6294,6322,6352,6384,6418,6454,6492,6532,6574,6618,6664,6712,6762,6814,6868,6924,6982,7042,7104,7168,7234,7302,7372,7444,7518,7594,7672,7752,7834,7918,8004,8092,8182,8274,8368,8464,8562,8662,8764,8868,8974,9082,9192,9304,9418,9534,9652,9772,9894,10018,10144,10272,10402,10534
11100,10956,10814,10674,10536,10400,10266,10134,10004,9876,9750,9626,9504,9384,9266,9150,9036,8924,8814,8706,8600,8496,8394,8294,8196,8100,8006,7914,7824,7736,7650,7566,7484,7404,7326,7250,7176,7104,7034,6966,6900,6836,6774,6714,6656,6600,6546,6494,6444,6396,6350,6306,6264,6224,6186,6150,6116,6084,6054,6026,6000,5976,5954,5934,5916,5900,5886,5874,5864,5856,5850,5846,5844,5844,5846,5850,5856,5864,5874,5886,5900,5916,5934,5954,5976,6000,6026,6054,6084,6116,6150,6186,6224,6264,6306,6350,6396,6444,6494,6546,6600,6656,6714,6774,6836,6900,6966,7034,7104,7176,7250,7326,7404,7484,7566,7650,7736,7824,7914,8006,8100,8196,8294,8394,8496,8600,8706,8814,8924,9036,9150,9266,9384,9504,9626,9750,9876,10004,10134,10266
10838,10694,10552,10412,10274,10138,10004,9872,9742,9614,9488,9364,9242,9122,9004,8888,8774,8662,8552,8444,8338,8234,8132,8032,7934,7838,7744,7652,7562,7474,7388,7304,7222,7142,7064,6988,6914,6842,6772,6704,6638,6574,6512,6452,6394,6338,6284,6232,6182,6134,6088,6044,6002,5962,5924,5888,5854,5822,5792,5764,5738,5714,5692,5672,5654,5638,5624,5612,5602,5594,5588,5584,5582,5582,5584,5588,5594,5602,5612,5624,5638,5654,5672,5692,5714,5738,5764,5792,5822,5854,5888,5924,5962,6002,6044,6088,6134,6182,6232,6284,6338,6394,6452,6512,6574,6638,6704,6772,6842,6914,6988,7064,7142,7222,7304,7388,7474,7562,7652,7744,7838,7934,8032,8132,8234,8338,8444,8552,8662,8774,8888,9004,9122,9242,9364,9488,9614,9742,9872,10004
10582,10438,10296,10156,10018,9882,9748,9616,9486,9358,9232,9108,8986,8866,8748,8632,8518,8406,8296,8188,8082,7978,7876,7776,7678,7582,7488,7396,7306,7218,7132,7048,6966,6886,6808,6732,6658,6586,6516,6448,6382,6318,6256,6196,6138,6082,6028,5976,5926,5878,5832,5788,5746,5706,5668,5632,5598,5566,5536,5508,5482,5458,5436,5416,5398,5382,5368,5356,5346,5338,5332,5328,5326,5326,5328,5332,5338,5346,5356,5368,5382,5398,5416,5436,5458,5482,5508,5536,5566,5598,5632,5668,5706,5746,5788,5832,5878,5926,5976,6028,6082,6138,6196,6256,6318,6382,6448,6516,6586,6658,6732,6808,6886,6966,7048,7132,7218,7306,7396,7488,7582,7678,7776,7876,7978,8082,8188,8296,8406,8518,8632,8748,8866,8986,9108,9232,9358,9486,9616,9748
10332,10188,10046,9906,9768,9632,9498,9366,9236,9108,8982,8858,8736,8616,8498,8382,8268,8156,8046,7938,7832,7728,7626,7526,7428,7332,7238,7146,7056,6968,6882,6798,6716,6636,6558,6482,6408,6336,6266,6198,6132,6068,6006,5946,5888,5832,5778,5726,5676,5628,5582,5538,5496,5456,5418,5382,5348,5316,5286,5258,5232,5208,5186,5166,5148,5132,5118,5106,5096,5088,5082,5078,5076,5076,5078,5082,5088,5096,5106,5118,5132,5148,5166,5186,5208,5232,5258,5286,5316,5348,5382,5418,5456,5496,5538,5582,5628,5676,5726,5778,5832,5888,5946,6006,6068,6132,6198,6266,6336,6408,6482,6558,6636,6716,6798,6882,6968,7056,7146,7238,7332,7428,7526,7626,7728,7832,7938,8046,8156,8268,8382,8498,8616,8736,8858,8982,9108,9236,9366,9498
10088,9944,9802,9662,9524,9388,9254,9122,8992,8864,8738,8614,8492,8372,8254,8138,8024,7912,7802,7694,7588,7484,7382,7282,7184,7088,6994,6902,6812,6724,6638,6554,6472,6392,6314,6238,6164,6092,6022,5954,5888,5824,5762,5702,5644,5588,5534,5482,5432,5384,5338,5294,5252,5212,5174,5138,5104,5072,5042,5014,4988,4964,4942,4922,4904,4888,4874,4862,4852,4844,4838,4834,4832,4832,4834,4838,4844,4852,4862,4874,4888,4904,4922,4942,4964,4988,5014,5042,5072,5104,5138,5174,5212,5252,5294,5338,5384,5432,5482,5534,5588,5644,5702,5762,5824,5888,5954,6022,6092,6164,6238,6314,6392,6472,6554,6638,6724,6812,6902,6994,7088,7184,7282,7382,7484,7588,7694,7802,7912,8024,8138,8254,8372,8492,8614,8738,8864,8992,9122,9254
9850,9706,9564,9424,9286,9150,9016,8884,8754,8626,8500,8376,8254,8134,8016,7900,7786,7674,7564,7456,7350,7246,7144,7044,6946,6850,6756,6664,6574,6486,6400,6316,6234,6154,6076,6000,5926,5854,5784,5716,5650,5586,5524,5464,5406,5350,5296,5244,5194,5146,5100,5056,5014,4974,4936,4900,4866,4834,4804,4776,4750,4726,4704,4684,4666,4650,4636,4624,4614,4606,4600,4596,4594,4594,4596,4600,4606,4614,4624,4636,4650,4666,4684,4704,4726,4750,4776,4804,4834,4866,4900,4936,4974,5014,5056,5100,5146,5194,5244,5296,5350,5406,5464,5524,5586,5650,5716,5784,5854,5926,6000,6076,6154,6234,6316,6400,6486,6574,6664,6756,6850,6946,7044,7144,7246,7350,7456,7564,7674,7786,7900,8016,8134,8254,8376,8500,8626,8754,8884,9016
9618,9474,9332,9192,9054,8918,8784,8652,8522,8394,8268,8144,8022,7902,7784,7668,7554,7442,7332,7224,7118,7014,6912,6812,6714,6618,6524,6432,6342,6254,6168,6084,6002,5922,5844,5768,5694,5622,5552,5484,5418,5354,5292,5232,5174,5118,5064,5012,4962,4914,4868,4824,4782,4742,4704,4668,4634,4602,4572,4544,4518,4494,4472,4452,4434,4418,4404,4392,4382,4374,4368,4364,4362,4362,4364,4368,4374,4382,4392,4404,4418,4434,4452,4472,4494,4518,4544,4572,4602,4634,4668,4704,4742,4782,4824,4868,4914,4962,5012,5064,5118,5174,5232,5292,5354,5418,5484,5552,5622,5694,5768,5844,5922,6002,6084,6168,6254,6342,6432,6524,6618,6714,6812,6912,7014,7118,7224,7332,7442,7554,7668,7784,7902,8022,8144,8268,8394,8522,8652,8784
9392,9248,9106,8966,8828,8692,8558,8426,8296,8168,8042,7918,7796,7676,7558,7442,7328,7216,7106,6998,6892,6788,6686,6586,6488,6392,6298,6206,6116,6028,5942,5858,5776,5696,5618,5542,5468,5396,5326,5258,5192,5128,5066,5006,4948,4892,4838,4786,4736,4688,4642,4598,4556,4516,4478,4442,4408,4376,4346,4318,4292,4268,4246,4226,4208,4192,4178,4166,4156,4148,4142,4138,4136,4136,4138,4142,4148,4156,4166,4178,4192,4208,4226,4246,4268,4292,4318,4346,4376,4408,4442,4478,4516,4556,4598,4642,4688,4736,4786,4838,4892,4948,5006,5066,5128,5192,5258,5326,5396,5468,5542,5618,5696,5776,5858,5942,6028,6116,6206,6298,6392,6488,6586,6686,6788,6892,6998,7106,7216,7328,7442,7558,7676,7796,7918,8042,8168,8296,8426,8558
9172,9028,8886,8746,8608,8472,8338,8206,8076,7948,7822,7698,7576,7456,7338,7222,7108,6996,6886,6778,6672,6568,6466,6366,6268,6172,6078,5986,5896,5808,5722,5638,5556,5476,5398,5322,5248,5176,5106,5038,4972,4908,4846,4786,4728,4672,4618,4566,4516,4468,4422,4378,4336,4296,4258,4222,4188,4156,4126,4098,4072,4048,4026,4006,3988,3972,3958,3946,3936,3928,3922,3918,3916,3916,3918,3922,3928,3936,3946,3958,3972,3988,4006,4026,4048,4072,4098,4126,4156,4188,4222,4258,4296,4336,4378,4422,4468,4516,4566,4618,4672,4728,4786,4846,4908,4972,5038,5106,5176,5248,5322,5398,5476,5556,5638,5722,5808,5896,5986,6078,6172,6268,6366,6466,6568,6672,6778,6886,6996,7108,7222,7338,7456,7576,7698,7822,7948,8076,8206,8338
8958,8814,8672,8532,8394,8258,8124,7992,7862,7734,7608,7484,7362,7242,7124,7008,6894,6782,6672,6564,6458,6354,6252,6152,6054,5958,5864,5772,5682,5594,5508,5424,5342,5262,5184,5108,5034,4962,4892,4824,4758,4694,4632,4572,4514,4458,4404,4352,4302,4254,4208,4164,4122,4082,4044,4008,3974,3942,3912,3884,3858,3834,3812,3792,3774,3758,3744,3732,3722,3714,3708,3704,3702,3702,3704,3708,3714,3722,3732,3744,3758,3774,3792,3812,3834,3858,3884,3912,3942,3974,4008,4044,4082,4122,4164,4208,4254,4302,4352,4404,4458,4514,4572,4632,4694,4758,4824,4892,4962,5034,5108,5184,5262,5342,5424,5508,5594,5682,5772,5864,5958,6054,6152,6252,6354,6458,6564,6672,6782,6894,7008,7124,7242,7362,7484,7608,7734,7862,7992,8124
8750,8606,8464,8324,8186,8050,7916,7784,7654,7526,7400,7276,7154,7034,6916,6800,6686,6574,6464,6356,6250,6146,6044,5944,5846,5750,5656,5564,5474,5386,5300,5216,5134,5054,4976,4900,4826,4754,4684,4616,4550,4486,4424,4364,4306,4250,4196,4144,4094,4046,4000,3956,3914,3874,3836,3800,3766,3734,3704,3676,3650,3626,3604,3584,3566,3550,3536,3524,3514,3506,3500,3496,3494,3494,3496,3500,3506,3514,3524,3536,3550,3566,3584,3604,3626,3650,3676,3704,3734,3766,3800,3836,3874,3914,3956,4000,4046,4094,4144,4196,4250,4306,4364,4424,4486,4550,4616,4684,4754,4826,4900,4976,5054,5134,5216,5300,5386,5474,5564,5656,5750,5846,5944,6044,6146,6250,6356,6464,6574,6686,6800,6916,7034,7154,7276,7400,7526,7654,7784,7916
8548,8404,8262,8122,7984,7848,7714,7582,7452,7324,7198,7074,6952,6832,6714,6598,6484,6372,6262,6154,6048,5944,5842,5742,5644,5548,5454,5362,5272,5184,5098,5014,4932,4852,4774,4698,4624,4552,4482,4414,4348,4284,4222,4162,4104,4048,3994,3942,3892,3844,3798,3754,3712,3672,3634,3598,3564,3532,3502,3474,3448,3424,3402,3382,3364,3348,3334,3322,3312,3304,3298,3294,3292,3292,3294,3298,3304,3312,3322,3334,3348,3364,3382,3402,3424,3448,3474,3502,3532,3564,3598,3634,3672,3712,3754,3798,3844,3892,3942,3994,4048,4104,4162,4222,4284,4348,4414,4482,4552,4624,4698,4774,4852,4932,5014,5098,5184,5272,5362,5454,5548,5644,5742,5842,5944,6048,6154,6262,6372,6484,6598,6714,6832,6952,7074,7198,7324,7452,7582,7714
8352,8208,8066,7926,7788,7652,7518,7386,7256,7128,7002,6878,6756,6636,6518,6402,6288,6176,6066,5958,5852,5748,5646,5546,5448,5352,5258,5166,5076,4988,4902,4818,4736,4656,4578,4502,4428,4356,4286,4218,4152,4088,4026,3966,3908,3852,3798,3746,3696,3648,3602,3558,3516,3476,3438,3402,3368,3336,3306,3278,3252,3228,3206,3186,3168,3152,3138,3126,3116,3108,3102,3098,3096,3096,3098,3102,3108,3116,3126,3138,3152,3168,3186,3206,3228,3252,3278,3306,3336,3368,3402,3438,3476,3516,3558,3602,3648,3696,3746,3798,3852,3908,3966,4026,4088,4152,4218,4286,4356,4428,4502,4578,4656,4736,4818,4902,4988,5076,5166,5258,5352,5448,5546,5646,5748,5852,5958,6066,6176,6288,6402,6518,6636,6756,6878,7002,7128,7256,7386,7518
8162,8018,7876,7736,7598,7462,7328,7196,7066,6938,6812,6688,6566,6446,6328,6212,6098,5986,5876,5768,5662,5558,5456,5356,5258,5162,5068,4976,4886,4798,4712,4628,4546,4466,4388,4312,4238,4166,4096,4028,3962,3898,3836,3776,3718,3662,3608,3556,3506,3458,3412,3368,3326,3286,3248,3212,3178,3146,3116,3088,3062,3038,3016,2996,2978,2962,2948,2936,2926,2918,2912,2908,2906,2906,2908,2912,2918,2926,2936,2948,2962,2978,2996,3016,3038,3062,3088,3116,3146,3178,3212,3248,3286,3326,3368,3412,3458,3506,3556,3608,3662,3718,3776,3836,3898,3962,4028,4096,4166,4238,4312,4388,4466,4546,4628,4712,4798,4886,4976,5068,5162,5258,5356,5456,5558,5662,5768,5876,5986,6098,6212,6328,6446,6566,6688,6812,6938,7066,7196,7328
7978,7834,7692,7552,7414,7278,7144,7012,6882,6754,6628,6504,6382,6262,6144,6028,5914,5802,5692,5584,5478,5374,5272,5172,5074,4978,4884,4792,4702,4614,4528,4444,4362,4282,4204,4128,4054,3982,3912,3844,3778,3714,3652,3592,3534,3478,3424,3372,3322,3274,3228,3184,3142,3102,3064,3028,2994,2962,2932,2904,2878,2854,2832,2812,2794,2778,2764,2752,2742,2734,2728,2724,2722,2722,2724,2728,2734,2742,2752,2764,2778,2794,2812,2832,2854,2878,2904,2932,2962,2994,3028,3064,3102,3142,3184,3228,3274,3322,3372,3424,3478,3534,3592,3652,3714,3778,3844,3912,3982,4054,4128,4204,4282,4362,4444,4528,4614,4702,4792,4884,4978,5074,5172,5272,5374,5478,5584,5692,5802,5914,6028,6144,6262,6382,6504,6628,6754,6882,7012,7144
7800,7656,7514,7374,7236,7100,6966,6834,6704,6576,6450,6326,6204,6084,5966,5850,5736,5624,5514,5406,5300,5196,5094,4994,4896,4800,4706,4614,4524,4436,4350,4266,4184,4104,4026,3950,3876,3804,3734,3666,3600,3536,3474,3414,3356,3300,3246,3194,3144,3096,3050,3006,2964,2924,2886,2850,2816,2784,2754,2726,2700,2676,2654,2634,2616,2600,2586,2574,2564,2556,2550,2546,2544,2544,2546,2550,2556,2564,2574,2586,2600,2616,2634,2654,2676,2700,2726,2754,2784,2816,2850,2886,2924,2964,3006,3050,3096,3144,3194,3246,3300,3356,3414,3474,3536,3600,3666,3734,3804,3876,3950,4026,4104,4184,4266,4350,4436,4524,4614,4706,4800,4896,4994,5094,5196,5300,5406,5514,5624,5736,5850,5966,6084,6204,6326,6450,6576,6704,6834,6966
7628,7484,7342,7202,7064,6928,6794,6662,6532,6404,6278,6154,6032,5912,5794,5678,5564,5452,5342,5234,5128,5024,4922,4822,4724,4628,4534,4442,4352,4264,4178,4094,4012,3932,3854,3778,3704,3632,3562,3494,3428,3364,3302,3242,3184,3128,3074,3022,2972,2924,2878,2834,2792,2752,2714,2678,2644,2612,2582,2554,2528,2504,2482,2462,2444,2428,2414,2402,2392,2384,2378,2374,2372,2372,2374,2378,2384,2392,2402,2414,2428,2444,2462,2482,2504,2528,2554,2582,2612,2644,2678,2714,2752,2792,2834,2878,2924,2972,3022,3074,3128,3184,3242,3302,3364,3428,3494,3562,3632,3704,3778,3854,3932,4012,4094,4178,4264,4352,4442,4534,4628,4724,4822,4922,5024,5128,5234,5342,5452,5564,5678,5794,5912,6032,6154,6278,6404,6532,6662,6794
7462,7318,7176,7036,6898,6762,6628,6496,6366,6238,6112,5988,5866,5746,5628,5512,5398,5286,5176,5068,4962,4858,4756,4656,4558,4462,4368,4276,4186,4098,4012,3928,3846,3766,3688,3612,3538,3466,3396,3328,3262,3198,3136,3076,3018,2962,2908,2856,2806,2758,2712,2668,2626,2586,2548,2512,2478,2446,2416,2388,2362,2338,2316,2296,2278,2262,2248,2236,2226,2218,2212,2208,2206,2206,2208,2212,2218,2226,2236,2248,2262,2278,2296,2316,2338,2362,2388,2416,2446,2478,2512,2548,2586,2626,2668,2712,2758,2806,2856,2908,2962,3018,3076,3136,3198,3262,3328,3396,3466,3538,3612,3688,3766,3846,3928,4012,4098,4186,4276,4368,4462,4558,4656,4756,4858,4962,5068,5176,5286,5398,5512,5628,5746,5866,5988,6112,6238,6366,6496,6628
7302,7158,7016,6876,6738,6602,6468,6336,6206,6078,5952,5828,5706,5586,5468,5352,5238,5126,5016,4908,4802,4698,4596,4496,4398,4302,4208,4116,4026,3938,3852,3768,3686,3606,3528,3452,3378,3306,3236,3168,3102,3038,2976,2916,2858,2802,2748,2696,2646,2598,2552,2508,2466,2426,2388,2352,2318,2286,2256,2228,2202,2178,2156,2136,2118,2102,2088,2076,2066,2058,2052,2048,2046,2046,2048,2052,2058,2066,2076,2088,2102,2118,2136,2156,2178,2202,2228,2256,2286,2318,2352,2388,2426,2466,2508,2552,2598,2646,2696,2748,2802,2858,2916,2976,3038,3102,3168,3236,3306,3378,3452,3528,3606,3686,3768,3852,3938,4026,4116,4208,4302,4398,4496,4596,4698,4802,4908,5016,5126,5238,5352,5468,5586,5706,5828,5952,6078,6206,6336,6468
7148,7004,6862,6722,6584,6448,6314,6182,6052,5924,5798,5674,5552,5432,5314,5198,5084,4972,4862,4754,4648,4544,4442,4342,4244,4148,4054,3962,3872,3784,3698,3614,3532,3452,3374,3298,3224,3152,3082,3014,2948,2884,2822,2762,2704,2648,2594,2542,2492,2444,2398,2354,2312,2272,2234,2198,2164,2132,2102,2074,2048,2024,2002,1982,1964,1948,1934,1922,1912,1904,1898,1894,1892,1892,1894,1898,1904,1912,1922,1934,1948,1964,1982,2002,2024,2048,2074,2102,2132,2164,2198,2234,2272,2312,2354,2398,2444,2492,2542,2594,2648,2704,2762,2822,2884,2948,3014,3082,3152,3224,3298,3374,3452,3532,3614,3698,3784,3872,3962,4054,4148,4244,4342,4442,4544,4648,4754,4862,4972,5084,5198,5314,5432,5552,5674,5798,5924,6052,6182,6314
7000,6856,6714,6574,6436,6300,6166,6034,5904,5776,5650,5526,5404,5284,5166,5050,4936,4824,4714,4606,4500,4396,4294,4194,4096,4000,3906,3814,3724,3636,3550,3466,3384,3304,3226,3150,3076,3004,2934,2866,2800,2736,2674,2614,2556,2500,2446,2394,2344,2296,2250,2206,2164,2124,2086,2050,2016,1984,1954,1926,1900,1876,1854,1834,1816,1800,1786,1774,1764,1756,1750,1746,1744,1744,1746,1750,1756,1764,1774,1786,1800,1816,1834,1854,1876,1900,1926,1954,1984,2016,2050,2086,2124,2164,2206,2250,2296,2344,2394,2446,2500,2556,2614,2674,2736,2800,2866,2934,3004,3076,3150,3226,3304,3384,3466,3550,3636,3724,3814,3906,4000,4096,4194,4294,4396,4500,4606,4714,4824,4936,5050,5166,5284,5404,5526,5650,5776,5904,6034,6166
6858,6714,6572,6432,6294,6158,6024,5892,5762,5634,5508,5384,5262,5142,5024,4908,4794,4682,4572,4464,4358,4254,4152,4052,3954,3858,3764,3672,3582,3494,3408,3324,3242,3162,3084,3008,2934,2862,2792,2724,2658,2594,2532,2472,2414,2358,2304,2252,2202,2154,2108,2064,2022,1982,1944,1908,1874,1842,1812,1784,1758,1734,1712,1692,1674,1658,1644,1632,1622,1614,1608,1604,1602,1602,1604,1608,1614,1622,1632,1644,1658,1674,1692,1712,1734,1758,1784,1812,1842,1874,1908,1944,1982,2022,2064,2108,2154,2202,2252,2304,2358,2414,2472,2532,2594,2658,2724,2792,2862,2934,3008,3084,3162,3242,3324,3408,3494,3582,3672,3764,3858,3954,4052,4152,4254,4358,4464,4572,4682,4794,4908,5024,5142,5262,5384,5508,5634,5762,5892,6024
6722,6578,6436,6296,6158,6022,5888,5756,5626,5498,5372,5248,5126,5006,4888,4772,4658,4546,4436,4328,4222,4118,4016,3916,3818,3722,3628,3536,3446,3358,3272,3188,3106,3026,2948,2872,2798,2726,2656,2588,2522,2458,2396,2336,2278,2222,2168,2116,2066,2018,1972,1928,1886,1846,1808,1772,1738,1706,1676,1648,1622,1598,1576,1556,1538,1522,1508,1496,1486,1478,1472,1468,1466,1466,1468,1472,1478,1486,1496,1508,1522,1538,1556,1576,1598,1622,1648,1676,1706,1738,1772,1808,1846,1886,1928,1972,2018,2066,2116,2168,2222,2278,2336,2396,2458,2522,2588,2656,2726,2798,2872,2948,3026,3106,3188,3272,3358,3446,3536,3628,3722,3818,3916,4016,4118,4222,4328,4436,4546,4658,4772,4888,5006,5126,5248,5372,5498,5626,5756,5888
6592,6448,6306,6166,6028,5892,5758,5626,5496,5368,5242,5118,4996,4876,4758,4642,4528,4416,4306,4198,4092,3988,3886,3786,3688,3592,3498,3406,3316,3228,3142,3058,2976,2896,2818,2742,2668,2596,2526,2458,2392,2328,2266,2206,2148,2092,2038,1986,1936,1888,1842,1798,1756,1716,1678,1642,1608,1576,1546,1518,1492,1468,1446,1426,1408,1392,1378,1366,1356,1348,1342,1338,1336,1336,1338,1342,1348,1356,1366,1378,1392,1408,1426,1446,1468,1492,1518,1546,1576,1608,1642,1678,1716,1756,1798,1842,1888,1936,1986,2038,2092,2148,2206,2266,2328,2392,2458,2526,2596,2668,2742,2818,2896,2976,3058,3142,3228,3316,3406,3498,3592,3688,3786,3886,3988,4092,4198,4306,4416,4528,4642,4758,4876,4996,5118,5242,5368,5496,5626,5758
6468,6324,6182,6042,5904,5768,5634,5502,5372,5244,5118,4994,4872,4752,4634,4518,4404,4292,4182,4074,3968,3864,3762,3662,3564,3468,3374,3282,3192,3104,3018,2934,2852,2772,2694,2618,2544,2472,2402,2334,2268,2204,2142,2082,2024,1968,1914,1862,1812,1764,1718,1674,1632,1592,1554,1518,1484,1452,1422,1394,1368,1344,1322,1302,1284,1268,1254,1242,1232,1224,1218,1214,1212,1212,1214,1218,1224,1232,1242,1254,1268,1284,1302,1322,1344,1368,1394,1422,1452,1484,1518,1554,1592,1632,1674,1718,1764,1812,1862,1914,1968,2024,2082,2142,2204,2268,2334,2402,2472,2544,2618,2694,2772,2852,2934,3018,3104,3192,3282,3374,3468,3564,3662,3762,3864,3968,4074,4182,4292,4404,4518,4634,4752,4872,4994,5118,5244,5372,5502,5634
6350,6206,6064,5924,5786,5650,5516,5384,5254,5126,5000,4876,4754,4634,4516,4400,4286,4174,4064,3956,3850,3746,3644,3544,3446,3350,3256,3164,3074,2986,2900,2816,2734,2654,2576,2500,2426,2354,2284,2216,2150,2086,2024,1964,1906,1850,1796,1744,1694,1646,1600,1556,1514,1474,1436,1400,1366,1334,1304,1276,1250,1226,1204,1184,1166,1150,1136,1124,1114,1106,1100,1096,1094,1094,1096,1100,1106,1114,1124,1136,1150,1166,1184,1204,1226,1250,1276,1304,1334,1366,1400,1436,1474,1514,1556,1600,1646,1694,1744,1796,1850,1906,1964,2024,2086,2150,2216,2284,2354,2426,2500,2576,2654,2734,2816,2900,2986,3074,3164,3256,3350,3446,3544,3644,3746,3850,3956,4064,4174,4286,4400,4516,4634,4754,4876,5000,5126,5254,5384,5516
6238,6094,5952,5812,5674,5538,5404,5272,5142,5014,4888,4764,4642,4522,4404,4288,4174,4062,3952,3844,3738,3634,3532,3432,3334,3238,3144,3052,2962,2874,2788,2704,2622,2542,2464,2388,2314,2242,2172,2104,2038,1974,1912,1852,1794,1738,1684,1632,1582,1534,1488,1444,1402,1362,1324,1288,1254,1222,1192,1164,1138,1114,1092,1072,1054,1038,1024,1012,1002,994,988,984,982,982,984,988,994,1002,1012,1024,1038,1054,1072,1092,1114,1138,1164,1192,1222,1254,1288,1324,1362,1402,1444,1488,1534,1582,1632,1684,1738,1794,1852,1912,1974,2038,2104,2172,2242,2314,2388,2464,2542,2622,2704,2788,2874,2962,3052,3144,3238,3334,3432,3532,3634,3738,3844,3952,4062,4174,4288,4404,4522,4642,4764,4888,5014,5142,5272,5404
6132,5988,5846,5706,5568,5432,5298,5166,5036,4908,4782,4658,4536,4416,4298,4182,4068,3956,3846,3738,3632,3528,3426,3326,3228,3132,3038,2946,2856,2768,2682,2598,2516,2436,2358,2282,2208,2136,2066,1998,1932,1868,1806,1746,1688,1632,1578,1526,1476,1428,1382,1338,1296,1256,1218,1182,1148,1116,1086,1058,1032,1008,986,966,948,932,918,906,896,888,882,878,876,876,878,882,888,896,906,918,932,948,966,986,1008,1032,1058,1086,1116,1148,1182,1218,1256,1296,1338,1382,1428,1476,1526,1578,1632,1688,1746,1806,1868,1932,1998,2066,2136,2208,2282,2358,2436,2516,2598,2682,2768,2856,2946,3038,3132,3228,3326,3426,3528,3632,3738,3846,3956,4068,4182,4298,4416,4536,4658,4782,4908,5036,5166,5298
6032,5888,5746,5606,5468,5332,5198,5066,4936,4808,4682,4558,4436,4316,4198,4082,3968,3856,3746,3638,3532,3428,3326,3226,3128,3032,2938,2846,2756,2668,2582,2498,2416,2336,2258,2182,2108,2036,1966,1898,1832,1768,1706,1646,1588,1532,1478,1426,1376,1328,1282,1238,1196,1156,1118,1082,1048,1016,986,958,932,908,886,866,848,832,818,806,796,788,782,778,776,776,778,782,788,796,806,818,832,848,866,886,908,932,958,986,1016,1048,1082,1118,1156,1196,1238,1282,1328,1376,1426,1478,1532,1588,1646,1706,1768,1832,1898,1966,2036,2108,2182,2258,2336,2416,2498,2582,2668,2756,2846,2938,3032,3128,3226,3326,3428,3532,3638,3746,3856,3968,4082,4198,4316,4436,4558,4682,4808,4936,5066,5198
5938,5794,5652,5512,5374,5238,5104,4972,4842,4714,4588,4464,4342,4222,4104,3988,3874,3762,3652,3544,3438,3334,3232,3132,3034,2938,2844,2752,2662,2574,2488,2404,2322,2242,2164,2088,2014,1942,1872,1804,1738,1674,1612,1552,1494,1438,1384,1332,1282,1234,1188,1144,1102,1062,1024,988,954,922,892,864,838,814,792,772,754,738,724,712,702,694,688,684,682,682,684,688,694,702,712,724,738,754,772,792,814,838,864,892,922,954,988,1024,1062,1102,1144,1188,1234,1282,1332,1384,1438,1494,1552,1612,1674,1738,1804,1872,1942,2014,2088,2164,2242,2322,2404,2488,2574,2662,2752,2844,2938,3034,3132,3232,3334,3438,3544,3652,3762,3874,3988,4104,4222,4342,4464,4588,4714,4842,4972,5104
5850,5706,5564,5424,5286,5150,5016,4884,4754,4626,4500,4376,4254,4134,4016,3900,3786,3674,3564,3456,3350,3246,3144,3044,2946,2850,2756,2664,2574,2486,2400,2316,2234,2154,2076,2000,1926,1854,1784,1716,1650,1586,1524,1464,1406,1350,1296,1244,1194,1146,1100,1056,1014,974,936,900,866,834,804,776,750,726,704,684,666,650,636,624,614,606,600,596,594,594,596,600,606,614,624,636,650,666,684,704,726,750,776,804,834,866,900,936,974,1014,1056,1100,1146,1194,1244,1296,1350,1406,1464,1524,1586,1650,1716,1784,1854,1926,2000,2076,2154,2234,2316,2400,2486,2574,2664,2756,2850,2946,3044,3144,3246,3350,3456,3564,3674,3786,3900,4016,4134,4254,4376,4500,4626,4754,4884,5016
5768,5624,5482,5342,5204,5068,4934,4802,4672,4544,4418,4294,4172,4052,3934,3818,3704,3592,3482,3374,3268,3164,3062,2962,2864,2768,2674,2582,2492,2404,2318,2234,2152,2072,1994,1918,1844,1772,1702,1634,1568,1504,1442,1382,1324,1268,1214,1162,1112,1064,1018,974,932,892,854,818,784,752,722,694,668,644,622,602,584,568,554,542,532,524,518,514,512,512,514,518,524,532,542,554,568,584,602,622,644,668,694,722,752,784,818,854,892,932,974,1018,1064,1112,1162,1214,1268,1324,1382,1442,1504,1568,1634,1702,1772,1844,1918,1994,2072,2152,2234,2318,2404,2492,2582,2674,2768,2864,2962,3062,3164,3268,3374,3482,3592,3704,3818,3934,4052,4172,4294,4418,4544,4672,4802,4934
5692,5548,5406,5266,5128,4992,4858,4726,4596,4468,4342,4218,4096,3976,3858,3742,3628,3516,3406,3298,3192,3088,2986,2886,2788,2692,2598,2506,2416,2328,2242,2158,2076,1996,1918,1842,1768,1696,1626,1558,1492,1428,1366,1306,1248,1192,1138,1086,1036,988,942,898,856,816,778,742,708,676,646,618,592,568,546,526,508,492,478,466,456,448,442,438,436,436,438,442,448,456,466,478,492,508,526,546,568,592,618,646,676,708,742,778,816,856,898,942,988,1036,1086,1138,1192,1248,1306,1366,1428,1492,1558,1626,1696,1768,1842,1918,1996,2076,2158,2242,2328,2416,2506,2598,2692,2788,2886,2986,3088,3192,3298,3406,3516,3628,3742,3858,3976,4096,4218,4342,4468,4596,4726,4858
5622,5478,5336,5196,5058,4922,4788,4656,4526,4398,4272,4148,4026,3906,3788,3672,3558,3446,3336,3228,3122,3018,2916,2816,2718,2622,2528,2436,2346,2258,2172,2088,2006,1926,1848,1772,1698,1626,1556,1488,1422,1358,1296,1236,1178,1122,1068,1016,966,918,872,828,786,746,708,672,638,606,576,548,522,498,476,456,438,422,408,396,386,378,372,368,366,366,368,372,378,386,396,408,422,438,456,476,498,522,548,576,606,638,672,708,746,786,828,872,918,966,1016,1068,1122,1178,1236,1296,1358,1422,1488,1556,1626,1698,1772,1848,1926,2006,2088,2172,2258,2346,2436,2528,2622,2718,2816,2916,3018,3122,3228,3336,3446,3558,3672,3788,3906,4026,4148,4272,4398,4526,4656,4788
5558,5414,5272,5132,4994,4858,4724,4592,4462,4334,4208,4084,3962,3842,3724,3608,3494,3382,3272,3164,3058,2954,2852,2752,2654,2558,2464,2372,2282,2194,2108,2024,1942,1862,1784,1708,1634,1562,1492,1424,1358,1294,1232,1172,1114,1058,1004,952,902,854,808,764,722,682,644,608,574,542,512,484,458,434,412,392,374,358,344,332,322,314,308,304,302,302,304,308,314,322,332,344,358,374,392,412,434,458,484,512,542,574,608,644,682,722,764,808,854,902,952,1004,1058,1114,1172,1232,1294,1358,1424,1492,1562,1634,1708,1784,1862,1942,2024,2108,2194,2282,2372,2464,2558,2654,2752,2852,2954,3058,3164,3272,3382,3494,3608,3724,3842,3962,4084,4208,4334,4462,4592,4724
5500,5356,5214,5074,4936,4800,4666,4534,4404,4276,4150,4026,3904,3784,3666,3550,3436,3324,3214,3106,3000,2896,2794,2694,2596,2500,2406,2314,2224,2136,2050,1966,1884,1804,1726,1650,1576,1504,1434,1366,1300,1236,1174,1114,1056,1000,946,894,844,796,750,706,664,624,586,550,516,484,454,426,400,376,354,334,316,300,286,274,264,256,250,246,244,244,246,250,256,264,274,286,300,316,334,354,376,400,426,454,484,516,550,586,624,664,706,750,796,844,894,946,1000,1056,1114,1174,1236,1300,1366,1434,1504,1576,1650,1726,1804,1884,1966,2050,2136,2224,2314,2406,2500,2596,2694,2794,2896,3000,3106,3214,3324,3436,3550,3666,3784,3904,4026,4150,4276,4404,4534,4666
5448,5304,5162,5022,4884,4748,4614,4482,4352,4224,4098,3974,3852,3732,3614,3498,3384,3272,3162,3054,2948,2844,2742,2642,2544,2448,2354,2262,2172,2084,1998,1914,1832,1752,1674,1598,1524,1452,1382,1314,1248,1184,1122,1062,1004,948,894,842,792,744,698,654,612,572,534,498,464,432,402,374,348,324,302,282,264,248,234,222,212,204,198,194,192,192,194,198,204,212,222,234,248,264,282,302,324,348,374,402,432,464,498,534,572,612,654,698,744,792,842,894,948,1004,1062,1122,1184,1248,1314,1382,1452,1524,1598,1674,1752,1832,1914,1998,2084,2172,2262,2354,2448,2544,2642,2742,2844,2948,3054,3162,3272,3384,3498,3614,3732,3852,3974,4098,4224,4352,4482,4614
5402,5258,5116,4976,4838,4702,4568,4436,4306,4178,4052,3928,3806,3686,3568,3452,3338,3226,3116,3008,2902,2798,2696,2596,2498,2402,2308,2216,2126,2038,1952,1868,1786,1706,1628,1552,1478,1406,1336,1268,1202,1138,1076,1016,958,902,848,796,746,698,652,608,566,526,488,452,418,386,356,328,302,278,256,236,218,202,188,176,166,158,152,148,146,146,148,152,158,166,176,188,202,218,236,256,278,302,328,356,386,418,452,488,526,566,608,652,698,746,796,848,902,958,1016,1076,1138,1202,1268,1336,1406,1478,1552,1628,1706,1786,1868,1952,2038,2126,2216,2308,2402,2498,2596,2696,2798,2902,3008,3116,3226,3338,3452,3568,3686,3806,3928,4052,4178,4306,4436,4568
5362,5218,5076,4936,4798,4662,4528,4396,4266,4138,4012,3888,3766,3646,3528,3412,3298,3186,3076,2968,2862,2758,2656,2556,2458,2362,2268,2176,2086,1998,1912,1828,1746,1666,1588,1512,1438,1366,1296,1228,1162,1098,1036,976,918,862,808,756,706,658,612,568,526,486,448,412,378,346,316,288,262,238,216,196,178,162,148,136,126,118,112,108,106,106,108,112,118,126,136,148,162,178,196,216,238,262,288,316,346,378,412,448,486,526,568,612,658,706,756,808,862,918,976,1036,1098,1162,1228,1296,1366,1438,1512,1588,1666,1746,1828,1912,1998,2086,2176,2268,2362,2458,2556,2656,2758,2862,2968,3076,3186,3298,3412,3528,3646,3766,3888,4012,4138,4266,4396,4528
5328,5184,5042,4902,4764,4628,4494,4362,4232,4104,3978,3854,3732,3612,3494,3378,3264,3152,3042,2934,2828,2724,2622,2522,2424,2328,2234,2142,2052,1964,1878,1794,1712,1632,1554,1478,1404,1332,1262,1194,1128,1064,1002,942,884,828,774,722,672,624,578,534,492,452,414,378,344,312,282,254,228,204,182,162,144,128,114,102,92,84,78,74,72,72,74,78,84,92,102,114,128,144,162,182,204,228,254,282,312,344,378,414,452,492,534,578,624,672,722,774,828,884,942,1002,1064,1128,1194,1262,1332,1404,1478,1554,1632,1712,1794,1878,1964,2052,2142,2234,2328,2424,2522,2622,2724,2828,2934,3042,3152,3264,3378,3494,3612,3732,3854,3978,4104,4232,4362,4494
5300,5156,5014,4874,4736,4600,4466,4334,4204,4076,3950,3826,3704,3584,3466,3350,3236,3124,3014,2906,2800,2696,2594,2494,2396,2300,2206,2114,2024,1936,1850,1766,1684,1604,1526,1450,1376,1304,1234,1166,1100,1036,974,914,856,800,746,694,644,596,550,506,464,424,386,350,316,284,254,226,200,176,154,134,116,100,86,74,64,56,50,46,44,44,46,50,56,64,74,86,100,116,134,154,176,200,226,254,284,316,350,386,424,464,506,550,596,644,694,746,800,856,914,974,1036,1100,1166,1234,1304,1376,1450,1526,1604,1684,1766,1850,1936,2024,2114,2206,2300,2396,2494,2594,2696,2800,2906,3014,3124,3236,3350,3466,3584,3704,3826,3950,4076,4204,4334,4466
5278,5134,4992,4852,4714,4578,4444,4312,4182,4054,3928,3804,3682,3562,3444,3328,3214,3102,2992,2884,2778,2674,2572,2472,2374,2278,2184,2092,2002,1914,1828,1744,1662,1582,1504,1428,1354,1282,1212,1144,1078,1014,952,892,834,778,724,672,622,574,528,484,442,402,364,328,294,262,232,204,178,154,132,112,94,78,64,52,42,34,28,24,22,22,24,28,34,42,52,64,78,94,112,132,154,178,204,232,262,294,328,364,402,442,484,528,574,622,672,724,778,834,892,952,1014,1078,1144,1212,1282,1354,1428,1504,1582,1662,1744,1828,1914,2002,2092,2184,2278,2374,2472,2572,2674,2778,2884,2992,3102,3214,3328,3444,3562,3682,3804,3928,4054,4182,4312,4444
5262,5118,4976,4836,4698,4562,4428,4296,4166,4038,3912,3788,3666,3546,3428,3312,3198,3086,2976,2868,2762,2658,2556,2456,2358,2262,2168,2076,1986,1898,1812,1728,1646,1566,1488,1412,1338,1266,1196,1128,1062,998,936,876,818,762,708,656,606,558,512,468,426,386,348,312,278,246,216,188,162,138,116,96,78,62,48,36,26,18,12,8,6,6,8,12,18,26,36,48,62,78,96,116,138,162,188,216,246,278,312,348,386,426,468,512,558,606,656,708,762,818,876,936,998,1062,1128,1196,1266,1338,1412,1488,1566,1646,1728,1812,1898,1986,2076,2168,2262,2358,2456,2556,2658,2762,2868,2976,3086,3198,3312,3428,3546,3666,3788,3912,4038,4166,4296,4428
5252,5108,4966,4826,4688,4552,4418,4286,4156,4028,3902,3778,3656,3536,3418,3302,3188,3076,2966,2858,2752,2648,2546,2446,2348,2252,2158,2066,1976,1888,1802,1718,1636,1556,1478,1402,1328,1256,1186,1118,1052,988,926,866,808,752,698,646,596,548,502,458,416,376,338,302,268,236,206,178,152,128,106,86,68,52,38,26,16,8,2,-2,-4,-4,-2,2,8,16,26,38,52,68,86,106,128,152,178,206,236,268,302,338,376,416,458,502,548,596,646,698,752,808,866,926,988,1052,1118,1186,1256,1328,1402,1478,1556,1636,1718,1802,1888,1976,2066,2158,2252,2348,2446,2546,2648,2752,2858,2966,3076,3188,3302,3418,3536,3656,3778,3902,4028,4156,4286,4418
5248,5104,4962,4822,4684,4548,4414,4282,4152,4024,3898,3774,3652,3532,3414,3298,3184,3072,2962,2854,2748,2644,2542,2442,2344,2248,2154,2062,1972,1884,1798,1714,1632,1552,1474,1398,1324,1252,1182,1114,1048,984,922,862,804,748,694,642,592,544,498,454,412,372,334,298,264,232,202,174,148,124,102,82,64,48,34,22,12,4,-2,-6,-8,-8,-6,-2,4,12,22,34,48,64,82,102,124,148,174,202,232,264,298,334,372,412,454,498,544,592,642,694,748,804,862,922,984,1048,1114,1182,1252,1324,1398,1474,1552,1632,1714,1798,1884,1972,2062,2154,2248,2344,2442,2542,2644,2748,2854,2962,3072,3184,3298,3414,3532,3652,3774,3898,4024,4152,4282,4414
5250,5106,4964,4824,4686,4550,4416,4284,4154,4026,3900,3776,3654,3534,3416,3300,3186,3074,2964,2856,2750,2646,2544,2444,2346,2250,2156,2064,1974,1886,1800,1716,1634,1554,1476,1400,1326,1254,1184,1116,1050,986,924,864,806,750,696,644,594,546,500,456,414,374,336,300,266,234,204,176,150,126,104,84,66,50,36,24,14,6,0,-4,-6,-6,-4,0,6,14,24,36,50,66,84,104,126,150,176,204,234,266,300,336,374,414,456,500,546,594,644,696,750,806,864,924,986,1050,1116,1184,1254,1326,1400,1476,1554,1634,1716,1800,1886,1974,2064,2156,2250,2346,2444,2544,2646,2750,2856,2964,3074,3186,3300,3416,3534,3654,3776,3900,4026,4154,4284,4416
5258,5114,4972,4832,4694,4558,4424,4292,4162,4034,3908,3784,3662,3542,3424,3308,3194,3082,2972,2864,2758,2654,2552,2452,2354,2258,2164,2072,1982,1894,1808,1724,1642,1562,1484,1408,1334,1262,1192,1124,1058,994,932,872,814,758,704,652,602,554,508,464,422,382,344,308,274,242,212,184,158,134,112,92,74,58,44,32,22,14,8,4,2,2,4,8,14,22,32,44,58,74,92,112,134,158,184,212,242,274,308,344,382,422,464,508,554,602,652,704,758,814,872,932,994,1058,1124,1192,1262,1334,1408,1484,1562,1642,1724,1808,1894,1982,2072,2164,2258,2354,2452,2552,2654,2758,2864,2972,3082,3194,3308,3424,3542,3662,3784,3908,4034,4162,4292,4424
5272,5128,4986,4846,4708,4572,4438,4306,4176,4048,3922,3798,3676,3556,3438,3322,3208,3096,2986,2878,2772,2668,2566,2466,2368,2272,2178,2086,1996,1908,1822,1738,1656,1576,1498,1422,1348,1276,1206,1138,1072,1008,946,886,828,772,718,666,616,568,522,478,436,396,358,322,288,256,226,198,172,148,126,106,88,72,58,46,36,28,22,18,16,16,18,22,28,36,46,58,72,88,106,126,148,172,198,226,256,288,322,358,396,436,478,522,568,616,666,718,772,828,886,946,1008,1072,1138,1206,1276,1348,1422,1498,1576,1656,1738,1822,1908,1996,2086,2178,2272,2368,2466,2566,2668,2772,2878,2986,3096,3208,3322,3438,3556,3676,3798,3922,4048,4176,4306,4438
5292,5148,5006,4866,4728,4592,4458,4326,4196,4068,3942,3818,3696,3576,3458,3342,3228,3116,3006,2898,2792,2688,2586,2486,2388,2292,2198,2106,2016,1928,1842,1758,1676,1596,1518,1442,1368,1296,1226,1158,1092,1028,966,906,848,792,738,686,636,588,542,498,456,416,378,342,308,276,246,218,192,168,146,126,108,92,78,66,56,48,42,38,36,36,38,42,48,56,66,78,92,108,126,146,168,192,218,246,276,308,342,378,416,456,498,542,588,636,686,738,792,848,906,966,1028,1092,1158,1226,1296,1368,1442,1518,1596,1676,1758,1842,1928,2016,2106,2198,2292,2388,2486,2586,2688,2792,2898,3006,3116,3228,3342,3458,3576,3696,3818,3942,4068,4196,4326,4458
5318,5174,5032,4892,4754,4618,4484,4352,4222,4094,3968,3844,3722,3602,3484,3368,3254,3142,3032,2924,2818,2714,2612,2512,2414,2318,2224,2132,2042,1954,1868,1784,1702,1622,1544,1468,1394,1322,1252,1184,1118,1054,992,932,874,818,764,712,662,614,568,524,482,442,404,368,334,302,272,244,218,194,172,152,134,118,104,92,82,74,68,64,62,62,64,68,74,82,92,104,118,134,152,172,194,218,244,272,302,334,368,404,442,482,524,568,614,662,712,764,818,874,932,992,1054,1118,1184,1252,1322,1394,1468,1544,1622,1702,1784,1868,1954,2042,2132,2224,2318,2414,2512,2612,2714,2818,2924,3032,3142,3254,3368,3484,3602,3722,3844,3968,4094,4222,4352,4484
5350,5206,5064,4924,4786,4650,4516,4384,4254,4126,4000,3876,3754,3634,3516,3400,3286,3174,3064,2956,2850,2746,2644,2544,2446,2350,2256,2164,2074,1986,1900,1816,1734,1654,1576,1500,1426,1354,1284,1216,1150,1086,1024,964,906,850,796,744,694,646,600,556,514,474,436,400,366,334,304,276,250,226,204,184,166,150,136,124,114,106,100,96,94,94,96,100,106,114,124,136,150,166,184,204,226,250,276,304,334,366,400,436,474,514,556,600,646,694,744,796,850,906,964,1024,1086,1150,1216,1284,1354,1426,1500,1576,1654,1734,1816,1900,1986,2074,2164,2256,2350,2446,2544,2644,2746,2850,2956,3064,3174,3286,3400,3516,3634,3754,3876,4000,4126,4254,4384,4516
5388,5244,5102,4962,4824,4688,4554,4422,4292,4164,4038,3914,3792,3672,3554,3438,3324,3212,3102,2994,2888,2784,2682,2582,2484,2388,2294,2202,2112,2024,1938,1854,1772,1692,1614,1538,1464,1392,1322,1254,1188,1124,1062,1002,944,888,834,782,732,684,638,594,552,512,474,438,404,372,342,314,288,264,242,222,204,188,174,162,152,144,138,134,132,132,134,138,144,152,162,174,188,204,222,242,264,288,314,342,372,404,438,474,512,552,594,638,684,732,782,834,888,944,1002,1062,1124,1188,1254,1322,1392,1464,1538,1614,1692,1772,1854,1938,2024,2112,2202,2294,2388,2484,2582,2682,2784,2888,2994,3102,3212,3324,3438,3554,3672,3792,3914,4038,4164,4292,4422,4554
5432,5288,5146,5006,4868,4732,4598,4466,4336,4208,4082,3958,3836,3716,3598,3482,3368,3256,3146,3038,2932,2828,2726,2626,2528,2432,2338,2246,2156,2068,1982,1898,1816,1736,1658,1582,1508,1436,1366,1298,1232,1168,1106,1046,988,932,878,826,776,728,682,638,596,556,518,482,448,416,386,358,332,308,286,266,248,232,218,206,196,188,182,178,176,176,178,182,188,196,206,218,232,248,266,286,308,332,358,386,416,448,482,518,556,596,638,682,728,776,826,878,932,988,1046,1106,1168,1232,1298,1366,1436,1508,1582,1658,1736,1816,1898,1982,2068,2156,2246,2338,2432,2528,2626,2726,2828,2932,3038,3146,3256,3368,3482,3598,3716,3836,3958,4082,4208,4336,4466,4598
5482,5338,5196,5056,4918,4782,4648,4516,4386,4258,4132,4008,3886,3766,3648,3532,3418,3306,3196,3088,2982,2878,2776,2676,2578,2482,2388,2296,2206,2118,2032,1948,1866,1786,1708,1632,1558,1486,1416,1348,1282,1218,1156,1096,1038,982,928,876,826,778,732,688,646,606,568,532,498,466,436,408,382,358,336,316,298,282,268,256,246,238,232,228,226,226,228,232,238,246,256,268,282,298,316,336,358,382,408,436,466,498,532,568,606,646,688,732,778,826,876,928,982,1038,1096,1156,1218,1282,1348,1416,1486,1558,1632,1708,1786,1866,1948,2032,2118,2206,2296,2388,2482,2578,2676,2776,2878,2982,3088,3196,3306,3418,3532,3648,3766,3886,4008,4132,4258,4386,4516,4648
5538,5394,5252,5112,4974,4838,4704,4572,4442,4314,4188,4064,3942,3822,3704,3588,3474,3362,3252,3144,3038,2934,2832,2732,2634,2538,2444,2352,2262,2174,2088,2004,1922,1842,1764,1688,1614,1542,1472,1404,1338,1274,1212,1152,1094,1038,984,932,882,834,788,744,702,662,624,588,554,522,492,464,438,414,392,372,354,338,324,312,302,294,288,284,282,282,284,288,294,302,312,324,338,354,372,392,414,438,464,492,522,554,588,624,662,702,744,788,834,882,932,984,1038,1094,1152,1212,1274,1338,1404,1472,1542,1614,1688,1764,1842,1922,2004,2088,2174,2262,2352,2444,2538,2634,2732,2832,2934,3038,3144,3252,3362,3474,3588,3704,3822,3942,4064,4188,4314,4442,4572,4704
5600,5456,5314,5174,5036,4900,4766,4634,4504,4376,4250,4126,4004,3884,3766,3650,3536,3424,3314,3206,3100,2996,2894,2794,2696,2600,2506,2414,2324,2236,2150,2066,1984,1904,1826,1750,1676,1604,1534,1466,1400,1336,1274,1214,1156,1100,1046,994,944,896,850,806,764,724,686,650,616,584,554,526,500,476,454,434,416,400,386,374,364,356,350,346,344,344,346,350,356,364,374,386,400,416,434,454,476,500,526,554,584,616,650,686,724,764,806,850,896,944,994,1046,1100,1156,1214,1274,1336,1400,1466,1534,1604,1676,1750,1826,1904,1984,2066,2150,2236,2324,2414,2506,2600,2696,2794,2894,2996,3100,3206,3314,3424,3536,3650,3766,3884,4004,4126,4250,4376,4504,4634,4766
5668,5524,5382,5242,5104,4968,4834,4702,4572,4444,4318,4194,4072,3952,3834,3718,3604,3492,3382,3274,3168,3064,2962,2862,2764,2668,2574,2482,2392,2304,2218,2134,2052,1972,1894,1818,1744,1672,1602,1534,1468,1404,1342,1282,1224,1168,1114,1062,1012,964,918,874,832,792,754,718,684,652,622,594,568,544,522,502,484,468,454,442,432,424,418,414,412,412,414,418,424,432,442,454,468,484,502,522,544,568,594,622,652,684,718,754,792,832,874,918,964,1012,1062,1114,1168,1224,1282,1342,1404,1468,1534,1602,1672,1744,1818,1894,1972,2052,2134,2218,2304,2392,2482,2574,2668,2764,2862,2962,3064,3168,3274,3382,3492,3604,3718,3834,3952,4072,4194,4318,4444,4572,4702,4834
5742,5598,5456,5316,5178,5042,4908,4776,4646,4518,4392,4268,4146,4026,3908,3792,3678,3566,3456,3348,3242,3138,3036,2936,2838,2742,2648,2556,2466,2378,2292,2208,2126,2046,1968,1892,1818,1746,1676,1608,1542,1478,1416,1356,1298,1242,1188,1136,1086,1038,992,948,906,866,828,792,758,726,696,668,642,618,596,576,558,542,528,516,506,498,492,488,486,486,488,492,498,506,516,528,542,558,576,596,618,642,668,696,726,758,792,828,866,906,948,992,1038,1086,1136,1188,1242,1298,1356,1416,1478,1542,1608,1676,1746,1818,1892,1968,2046,2126,2208,2292,2378,2466,2556,2648,2742,2838,2936,3036,3138,3242,3348,3456,3566,3678,3792,3908,4026,4146,4268,4392,4518,4646,4776,4908
5822,5678,5536,5396,5258,5122,4988,4856,4726,4598,4472,4348,4226,4106,3988,3872,3758,3646,3536,3428,3322,3218,3116,3016,2918,2822,2728,2636,2546,2458,2372,2288,2206,2126,2048,1972,1898,1826,1756,1688,1622,1558,1496,1436,1378,1322,1268,1216,1166,1118,1072,1028,986,946,908,872,838,806,776,748,722,698,676,656,638,622,608,596,586,578,572,568,566,566,568,572,578,586,596,608,622,638,656,676,698,722,748,776,806,838,872,908,946,986,1028,1072,1118,1166,1216,1268,1322,1378,1436,1496,1558,1622,1688,1756,1826,1898,1972,2048,2126,2206,2288,2372,2458,2546,2636,2728,2822,2918,3016,3116,3218,3322,3428,3536,3646,3758,3872,3988,4106,4226,4348,4472,4598,4726,4856,4988
5908,5764,5622,5482,5344,5208,5074,4942,4812,4684,4558,4434,4312,4192,4074,3958,3844,3732,3622,3514,3408,3304,3202,3102,3004,2908,2814,2722,2632,2544,2458,2374,2292,2212,2134,2058,1984,1912,1842,1774,1708,1644,1582,1522,1464,1408,1354,1302,1252,1204,1158,1114,1072,1032,994,958,924,892,862,834,808,784,762,742,724,708,694,682,672,664,658,654,652,652,654,658,664,672,682,694,708,724,742,762,784,808,834,862,892,924,958,994,1032,1072,1114,1158,1204,1252,1302,1354,1408,1464,1522,1582,1644,1708,1774,1842,1912,1984,2058,2134,2212,2292,2374,2458,2544,2632,2722,2814,2908,3004,3102,3202,3304,3408,3514,3622,3732,3844,3958,4074,4192,4312,4434,4558,4684,4812,4942,5074
6000,5856,5714,5574,5436,5300,5166,5034,4904,4776,4650,4526,4404,4284,4166,4050,3936,3824,3714,3606,3500,3396,3294,3194,3096,3000,2906,2814,2724,2636,2550,2466,2384,2304,2226,2150,2076,2004,1934,1866,1800,1736,1674,1614,1556,1500,1446,1394,1344,1296,1250,1206,1164,1124,1086,1050,1016,984,954,926,900,876,854,834,816,800,786,774,764,756,750,746,744,744,746,750,756,764,774,786,800,816,834,854,876,900,926,954,984,1016,1050,1086,1124,1164,1206,1250,1296,1344,1394,1446,1500,1556,1614,1674,1736,1800,1866,1934,2004,2076,2150,2226,2304,2384,2466,2550,2636,2724,2814,2906,3000,3096,3194,3294,3396,3500,3606,3714,3824,3936,4050,4166,4284,4404,4526,4650,4776,4904,5034,5166
6098,5954,5812,5672,5534,5398,5264,5132,5002,4874,4748,4624,4502,4382,4264,4148,4034,3922,3812,3704,3598,3494,3392,3292,3194,3098,3004,2912,2822,2734,2648,2564,2482,2402,2324,2248,2174,2102,2032,1964,1898,1834,1772,1712,1654,1598,1544,1492,1442,1394,1348,1304,1262,1222,1184,1148,1114,1082,1052,1024,998,974,952,932,914,898,884,872,862,854,848,844,842,842,844,848,854,862,872,884,898,914,932,952,974,998,1024,1052,1082,1114,1148,1184,1222,1262,1304,1348,1394,1442,1492,1544,1598,1654,1712,1772,1834,1898,1964,2032,2102,2174,2248,2324,2402,2482,2564,2648,2734,2822,2912,3004,3098,3194,3292,3392,3494,3598,3704,3812,3922,4034,4148,4264,4382,4502,4624,4748,4874,5002,5132,5264
6202,6058,5916,5776,5638,5502,5368,5236,5106,4978,4852,4728,4606,4486,4368,4252,4138,4026,3916,3808,3702,3598,3496,3396,3298,3202,3108,3016,2926,2838,2752,2668,2586,2506,2428,2352,2278,2206,2136,2068,2002,1938,1876,1816,1758,1702,1648,1596,1546,1498,1452,1408,1366,1326,1288,1252,1218,1186,1156,1128,1102,1078,1056,1036,1018,1002,988,976,966,958,952,948,946,946,948,952,958,966,976,988,1002,1018,1036,1056,1078,1102,1128,1156,1186,1218,1252,1288,1326,1366,1408,1452,1498,1546,1596,1648,1702,1758,1816,1876,1938,2002,2068,2136,2206,2278,2352,2428,2506,2586,2668,2752,2838,2926,3016,3108,3202,3298,3396,3496,3598,3702,3808,3916,4026,4138,4252,4368,4486,4606,4728,4852,4978,5106,5236,5368
6312,6168,6026,5886,5748,5612,5478,5346,5216,5088,4962,4838,4716,4596,4478,4362,4248,4136,4026,3918,3812,3708,3606,3506,3408,3312,3218,3126,3036,2948,2862,2778,2696,2616,2538,2462,2388,2316,2246,2178,2112,2048,1986,1926,1868,1812,1758,1706,1656,1608,1562,1518,1476,1436,1398,1362,1328,1296,1266,1238,1212,1188,1166,1146,1128,1112,1098,1086,1076,1068,1062,1058,1056,1056,1058,1062,1068,1076,1086,1098,1112,1128,1146,1166,1188,1212,1238,1266,1296,1328,1362,1398,1436,1476,1518,1562,1608,1656,1706,1758,1812,1868,1926,1986,2048,2112,2178,2246,2316,2388,2462,2538,2616,2696,2778,2862,2948,3036,3126,3218,3312,3408,3506,3606,3708,3812,3918,4026,4136,4248,4362,4478,4596,4716,4838,4962,5088,5216,5346,5478
6428,6284,6142,6002,5864,5728,5594,5462,5332,5204,5078,4954,4832,4712,4594,4478,4364,4252,4142,4034,3928,3824,3722,3622,3524,3428,3334,3242,3152,3064,2978,2894,2812,2732,2654,2578,2504,2432,2362,2294,2228,2164,2102,2042,1984,1928,1874,1822,1772,1724,1678,1634,1592,1552,1514,1478,1444,1412,1382,1354,1328,1304,1282,1262,1244,1228,1214,1202,1192,1184,1178,1174,1172,1172,1174,1178,1184,1192,1202,1214,1228,1244,1262,1282,1304,1328,1354,1382,1412,1444,1478,1514,1552,1592,1634,1678,1724,1772,1822,1874,1928,1984,2042,2102,2164,2228,2294,2362,2432,2504,2578,2654,2732,2812,2894,2978,3064,3152,3242,3334,3428,3524,3622,3722,3824,3928,4034,4142,4252,4364,4478,4594,4712,4832,4954,5078,5204,5332,5462,5594
6550,6406,6264,6124,5986,5850,5716,5584,5454,5326,5200,5076,4954,4834,4716,4600,4486,4374,4264,4156,4050,3946,3844,3744,3646,3550,3456,3364,3274,3186,3100,3016,2934,2854,2776,2700,2626,2554,2484,2416,2350,2286,2224,2164,2106,2050,1996,1944,1894,1846,1800,1756,1714,1674,1636,1600,1566,1534,1504,1476,1450,1426,1404,1384,1366,1350,1336,1324,1314,1306,1300,1296,1294,1294,1296,1300,1306,1314,1324,1336,1350,1366,1384,1404,1426,1450,1476,1504,1534,1566,1600,1636,1674,1714,1756,1800,1846,1894,1944,1996,2050,2106,2164,2224,2286,2350,2416,2484,2554,2626,2700,2776,2854,2934,3016,3100,3186,3274,3364,3456,3550,3646,3744,3844,3946,4050,4156,4264,4374,4486,4600,4716,4834,4954,5076,5200,5326,5454,5584,5716
6678,6534,6392,6252,6114,5978,5844,5712,5582,5454,5328,5204,5082,4962,4844,4728,4614,4502,4392,4284,4178,4074,3972,3872,3774,3678,3584,3492,3402,3314,3228,3144,3062,2982,2904,2828,2754,2682,2612,2544,2478,2414,2352,2292,2234,2178,2124,2072,2022,1974,1928,1884,1842,1802,1764,1728,1694,1662,1632,1604,1578,1554,1532,1512,1494,1478,1464,1452,1442,1434,1428,1424,1422,1422,1424,1428,1434,1442,1452,1464,1478,1494,1512,1532,1554,1578,1604,1632,1662,1694,1728,1764,1802,1842,1884,1928,1974,2022,2072,2124,2178,2234,2292,2352,2414,2478,2544,2612,2682,2754,2828,2904,2982,3062,3144,3228,3314,3402,3492,3584,3678,3774,3872,3972,4074,4178,4284,4392,4502,4614,4728,4844,4962,5082,5204,5328,5454,5582,5712,5844
6812,6668,6526,6386,6248,6112,5978,5846,5716,5588,5462,5338,5216,5096,4978,4862,4748,4636,4526,4418,4312,4208,4106,4006,3908,3812,3718,3626,3536,3448,3362,3278,3196,3116,3038,2962,2888,2816,2746,2678,2612,2548,2486,2426,2368,2312,2258,2206,2156,2108,2062,2018,1976,1936,1898,1862,1828,1796,1766,1738,1712,1688,1666,1646,1628,1612,1598,1586,1576,1568,1562,1558,1556,1556,1558,1562,1568,1576,1586,1598,1612,1628,1646,1666,1688,1712,1738,1766,1796,1828,1862,1898,1936,1976,2018,2062,2108,2156,2206,2258,2312,2368,2426,2486,2548,2612,2678,2746,2816,2888,2962,3038,3116,3196,3278,3362,3448,3536,3626,3718,3812,3908,4006,4106,4208,4312,4418,4526,4636,4748,4862,4978,5096,5216,5338,5462,5588,5716,5846,5978
6952,6808,6666,6526,6388,6252,6118,5986,5856,5728,5602,5478,5356,5236,5118,5002,4888,4776,4666,4558,4452,4348,4246,4146,4048,3952,3858,3766,3676,3588,3502,3418,3336,3256,3178,3102,3028,2956,2886,2818,2752,2688,2626,2566,2508,2452,2398,2346,2296,2248,2202,2158,2116,2076,2038,2002,1968,1936,1906,1878,1852,1828,1806,1786,1768,1752,1738,1726,1716,1708,1702,1698,1696,1696,1698,1702,1708,1716,1726,1738,1752,1768,1786,1806,1828,1852,1878,1906,1936,1968,2002,2038,2076,2116,2158,2202,2248,2296,2346,2398,2452,2508,2566,2626,2688,2752,2818,2886,2956,3028,3102,3178,3256,3336,3418,3502,3588,3676,3766,3858,3952,4048,4146,4246,4348,4452,4558,4666,4776,4888,5002,5118,5236,5356,5478,5602,5728,5856,5986,6118
7098,6954,6812,6672,6534,6398,6264,6132,6002,5874,5748,5624,5502,5382,5264,5148,5034,4922,4812,4704,4598,4494,4392,4292,4194,4098,4004,3912,3822,3734,3648,3564,3482,3402,3324,3248,3174,3102,3032,2964,2898,2834,2772,2712,2654,2598,2544,2492,2442,2394,2348,2304,2262,2222,2184,2148,2114,2082,2052,2024,1998,1974,1952,1932,1914,1898,1884,1872,1862,1854,1848,1844,1842,1842,1844,1848,1854,1862,1872,1884,1898,1914,1932,1952,1974,1998,2024,2052,2082,2114,2148,2184,2222,2262,2304,2348,2394,2442,2492,2544,2598,2654,2712,2772,2834,2898,2964,3032,3102,3174,3248,3324,3402,3482,3564,3648,3734,3822,3912,4004,4098,4194,4292,4392,4494,4598,4704,4812,4922,5034,5148,5264,5382,5502,5624,5748,5874,6002,6132,6264
7250,7106,6964,6824,6686,6550,6416,6284,6154,6026,5900,5776,5654,5534,5416,5300,5186,5074,4964,4856,4750,4646,4544,4444,4346,4250,4156,4064,3974,3886,3800,3716,3634,3554,3476,3400,3326,3254,3184,3116,3050,2986,2924,2864,2806,2750,2696,2644,2594,2546,2500,2456,2414,2374,2336,2300,2266,2234,2204,2176,2150,2126,2104,2084,2066,2050,2036,2024,2014,2006,2000,1996,1994,1994,1996,2000,2006,2014,2024,2036,2050,2066,2084,2104,2126,2150,2176,2204,2234,2266,2300,2336,2374,2414,2456,2500,2546,2594,2644,2696,2750,2806,2864,2924,2986,3050,3116,3184,3254,3326,3400,3476,3554,3634,3716,3800,3886,3974,4064,4156,4250,4346,4444,4544,4646,4750,4856,4964,5074,5186,5300,5416,5534,5654,5776,5900,6026,6154,6284,6416
7408,7264,7122,6982,6844,6708,6574,6442,6312,6184,6058,5934,5812,5692,5574,5458,5344,5232,5122,5014,4908,4804,4702,4602,4504,4408,4314,4222,4132,4044,3958,3874,3792,3712,3634,3558,3484,3412,3342,3274,3208,3144,3082,3022,2964,2908,2854,2802,2752,2704,2658,2614,2572,2532,2494,2458,2424,2392,2362,2334,2308,2284,2262,2242,2224,2208,2194,2182,2172,2164,2158,2154,2152,2152,2154,2158,2164,2172,2182,2194,2208,2224,2242,2262,2284,2308,2334,2362,2392,2424,2458,2494,2532,2572,2614,2658,2704,2752,2802,2854,2908,2964,3022,3082,3144,3208,3274,3342,3412,3484,3558,3634,3712,3792,3874,3958,4044,4132,4222,4314,4408,4504,4602,4702,4804,4908,5014,5122,5232,5344,5458,5574,5692,5812,5934,6058,6184,6312,6442,6574
7572,7428,7286,7146,7008,6872,6738,6606,6476,6348,6222,6098,5976,5856,5738,5622,5508,5396,5286,5178,5072,4968,4866,4766,4668,4572,4478,4386,4296,4208,4122,4038,3956,3876,3798,3722,3648,3576,3506,3438,3372,3308,3246,3186,3128,3072,3018,2966,2916,2868,2822,2778,2736,2696,2658,2622,2588,2556,2526,2498,2472,2448,2426,2406,2388,2372,2358,2346,2336,2328,2322,2318,2316,2316,2318,2322,2328,2336,2346,2358,2372,2388,2406,2426,2448,2472,2498,2526,2556,2588,2622,2658,2696,2736,2778,2822,2868,2916,2966,3018,3072,3128,3186,3246,3308,3372,3438,3506,3576,3648,3722,3798,3876,3956,4038,4122,4208,4296,4386,4478,4572,4668,4766,4866,4968,5072,5178,5286,5396,5508,5622,5738,5856,5976,6098,6222,6348,6476,6606,6738
7742,7598,7456,7316,7178,7042,6908,6776,6646,6518,6392,6268,6146,6026,5908,5792,5678,5566,5456,5348,5242,5138,5036,4936,4838,4742,4648,4556,4466,4378,4292,4208,4126,4046,3968,3892,3818,3746,3676,3608,3542,3478,3416,3356,3298,3242,3188,3136,3086,3038,2992,2948,2906,2866,2828,2792,2758,2726,2696,2668,2642,2618,2596,2576,2558,2542,2528,2516,2506,2498,2492,2488,2486,2486,2488,2492,2498,2506,2516,2528,2542,2558,2576,2596,2618,2642,2668,2696,2726,2758,2792,2828,2866,2906,2948,2992,3038,3086,3136,3188,3242,3298,3356,3416,3478,3542,3608,3676,3746,3818,3892,3968,4046,4126,4208,4292,4378,4466,4556,4648,4742,4838,4936,5036,5138,5242,5348,5456,5566,5678,5792,5908,6026,6146,6268,6392,6518,6646,6776,6908
7918,7774,7632,7492,7354,7218,7084,6952,6822,6694,6568,6444,6322,6202,6084,5968,5854,5742,5632,5524,5418,5314,5212,5112,5014,4918,4824,4732,4642,4554,4468,4384,4302,4222,4144,4068,3994,3922,3852,3784,3718,3654,3592,3532,3474,3418,3364,3312,3262,3214,3168,3124,3082,3042,3004,2968,2934,2902,2872,2844,2818,2794,2772,2752,2734,2718,2704,2692,2682,2674,2668,2664,2662,2662,2664,2668,2674,2682,2692,2704,2718,2734,2752,2772,2794,2818,2844,2872,2902,2934,2968,3004,3042,3082,3124,3168,3214,3262,3312,3364,3418,3474,3532,3592,3654,3718,3784,3852,3922,3994,4068,4144,4222,4302,4384,4468,4554,4642,4732,4824,4918,5014,5112,5212,5314,5418,5524,5632,5742,5854,5968,6084,6202,6322,6444,6568,6694,6822,6952,7084
8100,7956,7814,7674,7536,7400,7266,7134,7004,6876,6750,6626,6504,6384,6266,6150,6036,5924,5814,5706,5600,5496,5394,5294,5196,5100,5006,4914,4824,4736,4650,4566,4484,4404,4326,4250,4176,4104,4034,3966,3900,3836,3774,3714,3656,3600,3546,3494,3444,3396,3350,3306,3264,3224,3186,3150,3116,3084,3054,3026,3000,2976,2954,2934,2916,2900,2886,2874,2864,2856,2850,2846,2844,2844,2846,2850,2856,2864,2874,2886,2900,2916,2934,2954,2976,3000,3026,3054,3084,3116,3150,3186,3224,3264,3306,3350,3396,3444,3494,3546,3600,3656,3714,3774,3836,3900,3966,4034,4104,4176,4250,4326,4404,4484,4566,4650,4736,4824,4914,5006,5100,5196,5294,5394,5496,5600,5706,5814,5924,6036,6150,6266,6384,6504,6626,6750,6876,7004,7134,7266
8288,8144,8002,7862,7724,7588,7454,7322,7192,7064,6938,6814,6692,6572,6454,6338,6224,6112,6002,5894,5788,5684,5582,5482,5384,5288,5194,5102,5012,4924,4838,4754,4672,4592,4514,4438,4364,4292,4222,4154,4088,4024,3962,3902,3844,3788,3734,3682,3632,3584,3538,3494,3452,3412,3374,3338,3304,3272,3242,3214,3188,3164,3142,3122,3104,3088,3074,3062,3052,3044,3038,3034,3032,3032,3034,3038,3044,3052,3062,3074,3088,3104,3122,3142,3164,3188,3214,3242,3272,3304,3338,3374,3412,3452,3494,3538,3584,3632,3682,3734,3788,3844,3902,3962,4024,4088,4154,4222,4292,4364,4438,4514,4592,4672,4754,4838,4924,5012,5102,5194,5288,5384,5482,5582,5684,5788,5894,6002,6112,6224,6338,6454,6572,6692,6814,6938,7064,7192,7322,7454
8482,8338,8196,8056,7918,7782,7648,7516,7386,7258,7132,7008,6886,6766,6648,6532,6418,6306,6196,6088,5982,5878,5776,5676,5578,5482,5388,5296,5206,5118,5032,4948,4866,4786,4708,4632,4558,4486,4416,4348,4282,4218,4156,4096,4038,3982,3928,3876,3826,3778,3732,3688,3646,3606,3568,3532,3498,3466,3436,3408,3382,3358,3336,3316,3298,3282,3268,3256,3246,3238,3232,3228,3226,3226,3228,3232,3238,3246,3256,3268,3282,3298,3316,3336,3358,3382,3408,3436,3466,3498,3532,3568,3606,3646,3688,3732,3778,3826,3876,3928,3982,4038,4096,4156,4218,4282,4348,4416,4486,4558,4632,4708,4786,4866,4948,5032,5118,5206,5296,5388,5482,5578,5676,5776,5878,5982,6088,6196,6306,6418,6532,6648,6766,6886,7008,7132,7258,7386,7516,7648
8682,8538,8396,8256,8118,7982,7848,7716,7586,7458,7332,7208,7086,6966,6848,6732,6618,6506,6396,6288,6182,6078,5976,5876,5778,5682,5588,5496,5406,5318,5232,5148,5066,4986,4908,4832,4758,4686,4616,4548,4482,4418,4356,4296,4238,4182,4128,4076,4026,3978,3932,3888,3846,3806,3768,3732,3698,3666,3636,3608,3582,3558,3536,3516,3498,3482,3468,3456,3446,3438,3432,3428,3426,3426,3428,3432,3438,3446,3456,3468,3482,3498,3516,3536,3558,3582,3608,3636,3666,3698,3732,3768,3806,3846,3888,3932,3978,4026,4076,4128,4182,4238,4296,4356,4418,4482,4548,4616,4686,4758,4832,4908,4986,5066,5148,5232,5318,5406,5496,5588,5682,5778,5876,5976,6078,6182,6288,6396,6506,6618,6732,6848,6966,7086,7208,7332,7458,7586,7716,7848
8888,8744,8602,8462,8324,8188,8054,7922,7792,7664,7538,7414,7292,7172,7054,6938,6824,6712,6602,6494,6388,6284,6182,6082,5984,5888,5794,5702,5612,5524,5438,5354,5272,5192,5114,5038,4964,4892,4822,4754,4688,4624,4562,4502,4444,4388,4334,4282,4232,4184,4138,4094,4052,4012,3974,3938,3904,3872,3842,3814,3788,3764,3742,3722,3704,3688,3674,3662,3652,3644,3638,3634,3632,3632,3634,3638,3644,3652,3662,3674,3688,3704,3722,3742,3764,3788,3814,3842,3872,3904,3938,3974,4012,4052,4094,4138,4184,4232,4282,4334,4388,4444,4502,4562,4624,4688,4754,4822,4892,4964,5038,5114,5192,5272,5354,5438,5524,5612,5702,5794,5888,5984,6082,6182,6284,6388,6494,6602,6712,6824,6938,7054,7172,7292,7414,7538,7664,7792,7922,8054
9100,8956,8814,8674,8536,8400,8266,8134,8004,7876,7750,7626,7504,7384,7266,7150,7036,6924,6814,6706,6600,6496,6394,6294,6196,6100,6006,5914,5824,5736,5650,5566,5484,5404,5326,5250,5176,5104,5034,4966,4900,4836,4774,4714,4656,4600,4546,4494,4444,4396,4350,4306,4264,4224,4186,4150,4116,4084,4054,4026,4000,3976,3954,3934,3916,3900,3886,3874,3864,3856,3850,3846,3844,3844,3846,3850,3856,3864,3874,3886,3900,3916,3934,3954,3976,4000,4026,4054,4084,4116,4150,4186,4224,4264,4306,4350,4396,4444,4494,4546,4600,4656,4714,4774,4836,4900,4966,5034,5104,5176,5250,5326,5404,5484,5566,5650,5736,5824,5914,6006,6100,6196,6294,6394,6496,6600,6706,6814,6924,7036,7150,7266,7384,7504,7626,7750,7876,8004,8134,8266
9318,9174,9032,8892,8754,8618,8484,8352,8222,8094,7968,7844,7722,7602,7484,7368,7254,7142,7032,6924,6818,6714,6612,6512,6414,6318,6224,6132,6042,5954,5868,5784,5702,5622,5544,5468,5394,5322,5252,5184,5118,5054,4992,4932,4874,4818,4764,4712,4662,4614,4568,4524,4482,4442,4404,4368,4334,4302,4272,4244,4218,4194,4172,4152,4134,4118,4104,4092,4082,4074,4068,4064,4062,4062,4064,4068,4074,4082,4092,4104,4118,4134,4152,4172,4194,4218,4244,4272,4302,4334,4368,4404,4442,4482,4524,4568,4614,4662,4712,4764,4818,4874,4932,4992,5054,5118,5184,5252,5322,5394,5468,5544,5622,5702,5784,5868,5954,6042,6132,6224,6318,6414,6512,6612,6714,6818,6924,7032,7142,7254,7368,7484,7602,7722,7844,7968,8094,8222,8352,8484
9542,9398,9256,9116,8978,8842,8708,8576,8446,8318,8192,8068,7946,7826,7708,7592,7478,7366,7256,7148,7042,6938,6836,6736,6638,6542,6448,6356,6266,6178,6092,6008,5926,5846,5768,5692,5618,5546,5476,5408,5342,5278,5216,5156,5098,5042,4988,4936,4886,4838,4792,4748,4706,4666,4628,4592,4558,4526,4496,4468,4442,4418,4396,4376,4358,4342,4328,4316,4306,4298,4292,4288,4286,4286,4288,4292,4298,4306,4316,4328,4342,4358,4376,4396,4418,4442,4468,4496,4526,4558,4592,4628,4666,4706,4748,4792,4838,4886,4936,4988,5042,5098,5156,5216,5278,5342,5408,5476,5546,5618,5692,5768,5846,5926,6008,6092,6178,6266,6356,6448,6542,6638,6736,6836,6938,7042,7148,7256,7366,7478,7592,7708,7826,7946,8068,8192,8318,8446,8576,8708
9772,9628,9486,9346,9208,9072,8938,8806,8676,8548,8422,8298,8176,8056,7938,7822,7708,7596,7486,7378,7272,7168,7066,6966,6868,6772,6678,6586,6496,6408,6322,6238,6156,6076,5998,5922,5848,5776,5706,5638,5572,5508,5446,5386,5328,5272,5218,5166,5116,5068,5022,4978,4936,4896,4858,4822,4788,4756,4726,4698,4672,4648,4626,4606,4588,4572,4558,4546,4536,4528,4522,4518,4516,4516,4518,4522,4528,4536,4546,4558,4572,4588,4606,4626,4648,4672,4698,4726,4756,4788,4822,4858,4896,4936,4978,5022,5068,5116,5166,5218,5272,5328,5386,5446,5508,5572,5638,5706,5776,5848,5922,5998,6076,6156,6238,6322,6408,6496,6586,6678,6772,6868,6966,7066,7168,7272,7378,7486,7596,7708,7822,7938,8056,8176,8298,8422,8548,8676,8806,8938
10008,9864,9722,9582,9444,9308,9174,9042,8912,8784,8658,8534,8412,8292,8174,8058,7944,7832,7722,7614,7508,7404,7302,7202,7104,7008,6914,6822,6732,6644,6558,6474,6392,6312,6234,6158,6084,6012,5942,5874,5808,5744,5682,5622,5564,5508,5454,5402,5352,5304,5258,5214,5172,5132,5094,5058,5024,4992,4962,4934,4908,4884,4862,4842,4824,4808,4794,4782,4772,4764,4758,4754,4752,4752,4754,4758,4764,4772,4782,4794,4808,4824,4842,4862,4884,4908,4934,4962,4992,5024,5058,5094,5132,5172,5214,5258,5304,5352,5402,5454,5508,5564,5622,5682,5744,5808,5874,5942,6012,6084,6158,6234,6312,6392,6474,6558,6644,6732,6822,6914,7008,7104,7202,7302,7404,7508,7614,7722,7832,7944,8058,8174,8292,8412,8534,8658,8784,8912,9042,9174
10250,10106,9964,9824,9686,9550,9416,9284,9154,9026,8900,8776,8654,8534,8416,8300,8186,8074,7964,7856,7750,7646,7544,7444,7346,7250,7156,7064,6974,6886,6800,6716,6634,6554,6476,6400,6326,6254,6184,6116,6050,5986,5924,5864,5806,5750,5696,5644,5594,5546,5500,5456,5414,5374,5336,5300,5266,5234,5204,5176,5150,5126,5104,5084,5066,5050,5036,5024,5014,5006,5000,4996,4994,4994,4996,5000,5006,5014,5024,5036,5050,5066,5084,5104,5126,5150,5176,5204,5234,5266,5300,5336,5374,5414,5456,5500,5546,5594,5644,5696,5750,5806,5864,5924,5986,6050,6116,6184,6254,6326,6400,6476,6554,6634,6716,6800,6886,6974,7064,7156,7250,7346,7444,7544,7646,7750,7856,7964,8074,8186,8300,8416,8534,8654,8776,8900,9026,9154,9284,9416
10498,10354,10212,10072,9934,9798,9664,9532,9402,9274,9148,9024,8902,8782,8664,8548,8434,8322,8212,8104,7998,7894,7792,7692,7594,7498,7404,7312,7222,7134,7048,6964,6882,6802,6724,6648,6574,6502,6432,6364,6298,6234,6172,6112,6054,5998,5944,5892,5842,5794,5748,5704,5662,5622,5584,5548,5514,5482,5452,5424,5398,5374,5352,5332,5314,5298,5284,5272,5262,5254,5248,5244,5242,5242,5244,5248,5254,5262,5272,5284,5298,5314,5332,5352,5374,5398,5424,5452,5482,5514,5548,5584,5622,5662,5704,5748,5794,5842,5892,5944,5998,6054,6112,6172,6234,6298,6364,6432,6502,6574,6648,6724,6802,6882,6964,7048,7134,7222,7312,7404,7498,7594,7692,7792,7894,7998,8104,8212,8322,8434,8548,8664,8782,8902,9024,9148,9274,9402,9532,9664
10752,10608,10466,10326,10188,10052,9918,9786,9656,9528,9402,9278,9156,9036,8918,8802,8688,8576,8466,8358,8252,8148,8046,7946,7848,7752,7658,7566,7476,7388,7302,7218,7136,7056,6978,6902,6828,6756,6686,6618,6552,6488,6426,6366,6308,6252,6198,6146,6096,6048,6002,5958,5916,5876,5838,5802,5768,5736,5706,5678,5652,5628,5606,5586,5568,5552,5538,5526,5516,5508,5502,5498,5496,5496,5498,5502,5508,5516,5526,5538,5552,5568,5586,5606,5628,5652,5678,5706,5736,5768,5802,5838,5876,5916,5958,6002,6048,6096,6146,6198,6252,6308,6366,6426,6488,6552,6618,6686,6756,6828,6902,6978,7056,7136,7218,7302,7388,7476,7566,7658,7752,7848,7946,8046,8148,8252,8358,8466,8576,8688,8802,8918,9036,9156,9278,9402,9528,9656,9786,9918
11012,10868,10726,10586,10448,10312,10178,10046,9916,9788,9662,9538,9416,9296,9178,9062,8948,8836,8726,8618,8512,8408,8306,8206,8108,8012,7918,7826,7736,7648,7562,7478,7396,7316,7238,7162,7088,7016,6946,6878,6812,6748,6686,6626,6568,6512,6458,6406,6356,6308,6262,6218,6176,6136,6098,6062,6028,5996,5966,5938,5912,5888,5866,5846,5828,5812,5798,5786,5776,5768,5762,5758,5756,5756,5758,5762,5768,5776,5786,5798,5812,5828,5846,5866,5888,5912,5938,5966,5996,6028,6062,6098,6136,6176,6218,6262,6308,6356,6406,6458,6512,6568,6626,6686,6748,6812,6878,6946,7016,7088,7162,7238,7316,7396,7478,7562,7648,7736,7826,7918,8012,8108,8206,8306,8408,8512,8618,8726,8836,8948,9062,9178,9296,9416,9538,9662,9788,9916,10046,10178
11278,11134,10992,10852,10714,10578,10444,10312,10182,10054,9928,9804,9682,9562,9444,9328,9214,9102,8992,8884,8778,8674,8572,8472,8374,8278,8184,8092,8002,7914,7828,7744,7662,7582,7504,7428,7354,7282,7212,7144,7078,7014,6952,6892,6834,6778,6724,6672,6622,6574,6528,6484,6442,6402,6364,6328,6294,6262,6232,6204,6178,6154,6132,6112,6094,6078,6064,6052,6042,6034,6028,6024,6022,6022,6024,6028,6034,6042,6052,6064,6078,6094,6112,6132,6154,6178,6204,6232,6262,6294,6328,6364,6402,6442,6484,6528,6574,6622,6672,6724,6778,6834,6892,6952,7014,7078,7144,7212,7282,7354,7428,7504,7582,7662,7744,7828,7914,8002,8092,8184,8278,8374,8472,8572,8674,8778,8884,8992,9102,9214,9328,9444,9562,9682,9804,9928,10054,10182,10312,10444
11550,11406,11264,11124,10986,10850,10716,10584,10454,10326,10200,10076,9954,9834,9716,9600,9486,9374,9264,9156,9050,8946,8844,8744,8646,8550,8456,8364,8274,8186,8100,8016,7934,7854,7776,7700,7626,7554,7484,7416,7350,7286,7224,7164,7106,7050,6996,6944,6894,6846,6800,6756,6714,6674,6636,6600,6566,6534,6504,6476,6450,6426,6404,6384,6366,6350,6336,6324,6314,6306,6300,6296,6294,6294,6296,6300,6306,6314,6324,6336,6350,6366,6384,6404,6426,6450,6476,6504,6534,6566,6600,6636,6674,6714,6756,6800,6846,6894,6944,6996,7050,7106,7164,7224,7286,7350,7416,7484,7554,7626,7700,7776,7854,7934,8016,8100,8186,8274,8364,8456,8550,8646,8744,8844,8946,9050,9156,9264,9374,9486,9600,9716,9834,9954,10076,10200,10326,10454,10584,10716
11828,11684,11542,11402,11264,11128,10994,10862,10732,10604,10478,10354,10232,10112,9994,9878,9764,9652,9542,9434,9328,9224,9122,9022,8924,8828,8734,8642,8552,8464,8378,8294,8212,8132,8054,7978,7904,7832,7762,7694,7628,7564,7502,7442,7384,7328,7274,7222,7172,7124,7078,7034,6992,6952,6914,6878,6844,6812,6782,6754,6728,6704,6682,6662,6644,6628,6614,6602,6592,6584,6578,6574,6572,6572,6574,6578,6584,6592,6602,6614,6628,6644,6662,6682,6704,6728,6754,6782,6812,6844,6878,6914,6952,6992,7034,7078,7124,7172,7222,7274,7328,7384,7442,7502,7564,7628,7694,7762,7832,7904,7978,8054,8132,8212,8294,8378,8464,8552,8642,8734,8828,8924,9022,9122,9224,9328,9434,9542,9652,9764,9878,9994,10112,10232,10354,10478,10604,10732,10862,10994
12112,11968,11826,11686,11548,11412,11278,11146,11016,10888,10762,10638,10516,10396,10278,10162,10048,9936,9826,9718,9612,9508,9406,9306,9208,9112,9018,8926,8836,8748,8662,8578,8496,8416,8338,8262,8188,8116,8046,7978,7912,7848,7786,7726,7668,7612,7558,7506,7456,7408,7362,7318,7276,7236,7198,7162,7128,7096,7066,7038,7012,6988,6966,6946,6928,6912,6898,6886,6876,6868,6862,6858,6856,6856,6858,6862,6868,6876,6886,6898,6912,6928,6946,6966,6988,7012,7038,7066,7096,7128,7162,7198,7236,7276,7318,7362,7408,7456,7506,7558,7612,7668,7726,7786,7848,7912,7978,8046,8116,8188,8262,8338,8416,8496,8578,8662,8748,8836,8926,9018,9112,9208,9306,9406,9508,9612,9718,9826,9936,10048,10162,10278,10396,10516,10638,10762,10888,11016,11146,11278
12402,12258,12116,11976,11838,11702,11568,11436,11306,11178,11052,10928,10806,10686,10568,10452,10338,10226,10116,10008,9902,9798,9696,9596,9498,9402,9308,9216,9126,9038,8952,8868,8786,8706,8628,8552,8478,8406,8336,8268,8202,8138,8076,8016,7958,7902,7848,7796,7746,7698,7652,7608,7566,7526,7488,7452,7418,7386,7356,7328,7302,7278,7256,7236,7218,7202,7188,7176,7166,7158,7152,7148,7146,7146,7148,7152,7158,7166,7176,7188,7202,7218,7236,7256,7278,7302,7328,7356,7386,7418,7452,7488,7526,7566,7608,7652,7698,7746,7796,7848,7902,7958,8016,8076,8138,8202,8268,8336,8406,8478,8552,8628,8706,8786,8868,8952,9038,9126,9216,9308,9402,9498,9596,9696,9798,9902,10008,10116,10226,10338,10452,10568,10686,10806,10928,11052,11178,11306,11436,11568
12698,12554,12412,12272,12134,11998,11864,11732,11602,11474,11348,11224,11102,10982,10864,10748,10634,10522,10412,10304,10198,10094,9992,9892,9794,9698,9604,9512,9422,9334,9248,9164,9082,9002,8924,8848,8774,8702,8632,8564,8498,8434,8372,8312,8254,8198,8144,8092,8042,7994,7948,7904,7862,7822,7784,7748,7714,7682,7652,7624,7598,7574,7552,7532,7514,7498,7484,7472,7462,7454,7448,7444,7442,7442,7444,7448,7454,7462,7472,7484,7498,7514,7532,7552,7574,7598,7624,7652,7682,7714,7748,7784,7822,7862,7904,7948,7994,8042,8092,8144,8198,8254,8312,8372,8434,8498,8564,8632,8702,8774,8848,8924,9002,9082,9164,9248,9334,9422,9512,9604,9698,9794,9892,9992,10094,10198,10304,10412,10522,10634,10748,10864,10982,11102,11224,11348,11474,11602,11732,11864
